Nickleodeon,5043,http://shop.nick.com/
Okabashi,3433,http://www.okabashi.com/
SupraFootWear,4189,http://www.suprafootwear.com/
BritishKnights,5000,http://britishknights.com/
BTOSports,5081,http://www.btosports.com/
CoolaSuncare,4791,http://www.coolasuncare.com/community
Coola_Suncare,4803,http://www.coolasuncare.com/wordpress/
GoodyBox,4422,http://420goodybox.com/reviews/
NatureBox,4708,https://naturebox.com/happysnackers
Zumiez_presents,5389,http://www.zumiez.com/zumiez-presents
OKA_b,7137,https://www.oka-b.com/share-your-style
Liberty_Jane_Clothing,5077,http://www.pixiefaire.com/
eDiva,2563,http://www.ediva.com/user-reviews/
Lugz,5670,http://lugz.com/
KillCity,5439,http://killcity.net/
Fitmark,7180,http://fitmarkbags.com/
Finis,6701,http://apps.finisinc.com/custom/
Vasque,4408,http://www.vasque.com/
ReadyPulse,7220,http://ww2.readypulse.com/about/team/
KR3W,6248,http://kr3wdenim.com/
Redwing,5194,http://www.redwingheritage.com/USD/
Halo_pets,6065,http://www.halopets.com/feeditforward/
Quiksilver,8179,http://www.quiksilver.com/
DCShoes,8601,http://www.dcshoes.com/
Roxy,8177,http://www.roxy.com/
DollyVarden,9133,http://dolly.webeteerprojects.com/
Malakye,9305,https://www.malakye.com/Content/8076/Surf-Summit-Live-Wall.aspx
AfflictionClothing,7378,http://www.afflictionclothing.com/magento/
BareRepublic_Naturals,9402,https://www.barerepublicnaturals.com/
SkullCandy,9140,http://www.skullcandy.com/
DollyVarden,9133,https://www.dollyvardenoc.com/
InkAddict_Homepage,9674,http://www.inkaddict.com/
InkAddict_blog,9315,http://www.inkaddict.com/blog/lifestyle/myinkaddict/
MotherDenim,10228,https://www.motherdenim.com/
Boombotix,9621,https://boombotix.com/
Hylete_blog_npgl,9737,http://blog.hylete.com/npgl-behind-the-scenes-opening-weekend/
Hylete_blog,9641,http://blog.hylete.com/
Anki,10502,https://anki.com/en-us
YouCaring_Unleash,10381,http://www.unleashcompassion.org/
DesignerProtein,11597,http://designerprotein.com/
iWonNutrition,11837,http://iwonnutrition.com/
JustFab,3865,http://ambassador.readypulse.com/ambassador_portals/15
Reebok,5149,http://ambassadors.readypulse.com/ambassador_portals/145
ONeill_Womens,4472,http://ambassadors.readypulse.com/ambassador_portals/20
North_Face,5522,http://ambassadors.readypulse.com/ambassador_portals/131
Stance,4743,http://ambassadors.readypulse.com/ambassador_portals/102
FabKids,6017,http://ambassadors.readypulse.com/ambassador_portals/251
DripDrop,7058,http://ambassadors.readypulse.com/ambassador_portals/349
Circle,7337,http://ambassadors.readypulse.com/ambassador_portals/366
HeyLets,7448,http://ambassadors.readypulse.com/ambassador_portals/374
InkAddict,9314,http://ambassadors.readypulse.com/ambassador_portals/490
TileInc,9058,http://ambassadors.readypulse.com/ambassador_portals/503
Truecaller,10196,http://ambassadors.readypulse.com/ambassador_portals/588
YouCaring,10135,http://ambassadors.readypulse.com/ambassador_portals/584
ParisPax,8784,http://ambassadors.readypulse.com/ambassador_portals/428
SkullCandy_University,9991,http://ambassadors.readypulse.com/ambassador_portals/563
StancePartnerPortal,11675,http://ambassadors.readypulse.com/ambassador_portals/767
ShoeDazzle,4427,http://ambassadors.readypulse.com/ambassador_portals/66
BlazePlaydate,9118,http://ambassadors.readypulse.com/ambassador_portals/469
CEP,10714,http://ambassadors.readypulse.com/ambassador_portals/354/
